Model,Type,Buddhist_Sinhala,Mixed,General_Sinhala
SinLlama,local,84.49408478687312,34.72575436639774,101.56874401688721
